Submethod,PSNR,SSIM,LPIPS,Size [Bytes],#Gaussians
1k,30.18010139465332,0.9057006239891052,0.2551468014717102,7656797,394960
2k,30.30289649963379,0.9057002067565918,0.25392353534698486,7925836,394124
4k,30.424304962158203,0.9066479206085205,0.2521769404411316,8267239,394107
8k,30.440750122070312,0.9073588252067566,0.25208035111427307,8788831,395854
16k,30.38944435119629,0.9073251485824585,0.25071981549263,9524020,394033
